name,draft
Cade Cunningham,1
Jalen Green,1
Evan Mobley,1
Scottie Barnes,1
Jalen Suggs,1
Josh Giddey,1
Jonathan Kuminga,1
Franz Wagner,1
Davion Mitchell,1
Ziaire Williams,1
James Bouknight,1
Joshua Primo,1
Chris Duarte,1
Moses Moody,1
Corey Kispert,1
Alperen Sengun,1
Trey Murphy III,1
Tre Mann,1
Kai Jones,1
Jalen Johnson,1
Keon Johnson,1
Isaiah Jackson,1
Usman Garuba,1
Josh Christopher,1
Quentin Grimes,1
Bones Hyland,1
Cam Thomas,1
Jaden Springer,1
Day'Ron Sharpe,1
Santi Aldama,1
Anthony Edwards,1
James Wiseman,1
LaMelo Ball,1
Patrick Williams,1
Isaac Okoro,1
Onyeka Okongwu,1
Killian Hayes,1
Obi Toppin,1
Deni Avdija,1
Jalen Smith,1
Devin Vassell,1
Tyrese Haliburton,1
Kira Lewis Jr.,1
Aaron Nesmith,1
Cole Anthony,1
Isaiah Stewart,1
Aleksej Pokusevski,1
Josh Green,1
Saddiq Bey,1
Precious Achiuwa,1
Tyrese Maxey,1
Zeke Nnaji,1
Leandro Bolmaro,1
R.J. Hampton,1
Immanuel Quickley,1
Payton Pritchard,1
Udoka Azubuike,1
Jaden McDaniels,1
Malachi Flynn,1
Desmond Bane,1
Zion Williamson,1
Ja Morant,1
RJ Barrett,1
De'Andre Hunter,1
Darius Garland,1
Jarrett Culver,1
Coby White,1
Jaxson Hayes,1
Rui Hachimura,1
Cam Reddish,1
Cameron Johnson,1
P.J. Washington,1
Tyler Herro,1
Romeo Langford,1
Sekou Doumbouya,1
Chuma Okeke,1
Nickeil Alexander-Walker,1
Goga Bitadze,1
Luka Samanic,1
Matisse Thybulle,1
Brandon Clarke,1
Grant Williams,1
Darius Bazley,1
Ty Jerome,1
Nassir Little,1
Dylan Windler,1
Mfiondu Kabengele,1
Jordan Poole,1
Keldon Johnson,1
Kevin Porter Jr.,1
Deandre Ayton,1
Marvin Bagley III,1
Luka Doncic,1
Jaren Jackson Jr.,1
Trae Young,1
Mo Bamba,1
Wendell Carter Jr.,1
Collin Sexton,1
Kevin Knox II,1
Mikal Bridges,1
Shai Gilgeous-Alexander,1
Miles Bridges,1
Jerome Robinson,1
Michael Porter Jr.,1
Troy Brown Jr.,1
Zhaire Smith,1
Donte DiVincenzo,1
Lonnie Walker IV,1
Kevin Huerter,1
Josh Okogie,1
Grayson Allen,1
Chandler Hutchison,1
Aaron Holiday,1
Anfernee Simons,1
Moritz Wagner,1
Landry Shamet,1
Robert Williams III,1
Jacob Evans,1
Dzanan Musa,1
Omari Spellman,1
Markelle Fultz,1
Lonzo Ball,1
Jayson Tatum,1
Josh Jackson,1
De'Aaron Fox,1
Jonathan Isaac,1
Lauri Markkanen,1
Frank Ntilikina,1
Dennis Smith Jr.,1
Zach Collins,1
Malik Monk,1
Luke Kennard,1
Donovan Mitchell,1
Bam Adebayo,1
Justin Jackson,1
Justin Patton,1
D.J. Wilson,1
T.J. Leaf,1
John Collins,1
Harry Giles III,1
Terrance Ferguson,1
Jarrett Allen,1
OG Anunoby,1
Tyler Lydon,1
Anzejs Pasecniks,1
Caleb Swanigan,1
Kyle Kuzma,1
Tony Bradley,1
Derrick White,1
Josh Hart,1
Ben Simmons,1
Brandon Ingram,1
Jaylen Brown,1
Dragan Bender,1
Kris Dunn,1
Buddy Hield,1
Jamal Murray,1
Marquese Chriss,1
Jakob Poeltl,1
Thon Maker,1
Domantas Sabonis,1
Taurean Prince,1
Georgios Papagiannis,1
Denzel Valentine,1
Juancho Hernangomez,1
Guerschon Yabusele,1
Wade Baldwin IV,1
Henry Ellenson,1
Malik Beasley,1
Caris LeVert,1
DeAndre' Bembry,1
Malachi Richardson,1
Ante Zizic,1
Timothe Luwawu-Cabarrot,1
Brice Johnson,1
Furkan Korkmaz,1
Pascal Siakam,1
Skal Labissiere,1
Dejounte Murray,1
Damian Jones,1
Karl-Anthony Towns,1
D'Angelo Russell,1
Jahlil Okafor,1
Kristaps Porzingis,1
Mario Hezonja,1
Willie Cauley-Stein,1
Emmanuel Mudiay,1
Stanley Johnson,1
Frank Kaminsky,1
Justise Winslow,1
Myles Turner,1
Trey Lyles,1
Devin Booker,1
Cameron Payne,1
Kelly Oubre Jr.,1
Terry Rozier,1
Rashad Vaughn,1
Sam Dekker,1
Jerian Grant,1
Delon Wright,1
Justin Anderson,1
Bobby Portis,1
Rondae Hollis-Jefferson,1
Tyus Jones,1
Jarell Martin,1
Nikola Milutinov,1
Larry Nance Jr.,1
RJ Hunter,1
Chris McCullough,1
Kevon Looney,1
Andrew Wiggins,1
Jabari Parker,1
Joel Embiid,1
Aaron Gordon,1
Dante Exum,1
Marcus Smart,1
Julius Randle,1
Nik Stauskas,1
Noah Vonleh,1
Elfrid Payton,1
Doug McDermott,1
Dario Saric,1
Zach LaVine,1
T.J. Warren,1
Adreian Payne,1
Jusuf Nurkic,1
James Young,1
Tyler Ennis,1
Gary Harris,1
Bruno Caboclo,1
Mitch McGary,1
Jordan Adams,1
Rodney Hood,1
Shabazz Napier,1
Clint Capela,1
PJ Hairston,1
Bogdan Bogdanovic,1
C.J. Wilcox,1
Josh Huestis,1
Kyle Anderson,1
Anthony Bennett,1
Victor Oladipo,1
Otto Porter Jr.,1
Cody Zeller,1
Alex Len,1
Nerlens Noel,1
Ben McLemore,1
Kentavious Caldwell-Pope,1
Trey Burke,1
CJ McCollum,1
Michael Carter-Williams,1
Steven Adams,1
Kelly Olynyk,1
Shabazz Muhammad,1
Giannis Antetokounmpo,1
Lucas Nogueira,1
Dennis Schroder,1
Shane Larkin,1
Sergey Karasev,1
Tony Snell,1
Gorgui Dieng,1
Mason Plumlee,1
Solomon Hill,1
Tim Hardaway Jr.,1
Reggie Bullock,1
Andre Roberson,1
Rudy Gobert,1
Livio Jean-Charles,1
Archie Goodwin,1
Nemanja Nedovic,1
Anthony Davis,1
Michael Kidd-Gilchrist,1
Bradley Beal,1
Dion Waiters,1
Thomas Robinson,1
Damian Lillard,1
Harrison Barnes,1
Terrence Ross,1
Andre Drummond,1
Austin Rivers,1
Meyers Leonard,1
Jeremy Lamb,1
Kendall Marshall,1
John Henson,1
Maurice Harkless,1
Royce White,1
Tyler Zeller,1
Terrence Jones,1
Andrew Nicholson,1
Evan Fournier,1
Jared Sullinger,1
Fab Melo,1
John Jenkins,1
Jared Cunningham,1
Tony Wroten,1
Miles Plumlee,1
Arnett Moultrie,1
Perry Jones III,1
Marquis Teague,1
Festus Ezeli,1
Kyrie Irving,1
Derrick Williams,1
Enes Freedom,1
Tristan Thompson,1
Jonas Valanciunas,1
Jan Vesely,1
Bismack Biyombo,1
Brandon Knight,1
Kemba Walker,1
Jimmer Fredette,1
Klay Thompson,1
Alec Burks,1
Markieff Morris,1
Marcus Morris Sr.,1
Kawhi Leonard,1
Nikola Vucevic,1
Iman Shumpert,1
Chris Singleton,1
Tobias Harris,1
Donatas Motiejunas,1
Nolan Smith,1
Kenneth Faried,1
Nikola Mirotic,1
Reggie Jackson,1
MarShon Brooks,1
Jordan Hamilton,1
JaJuan Johnson,1
Norris Cole,1
Cory Joseph,1
Jimmy Butler,1
John Wall,1
Evan Turner,1
Derrick Favors,1
Wesley Johnson,1
DeMarcus Cousins,1
Ekpe Udoh,1
Greg Monroe,1
Al-Farouq Aminu,1
Gordon Hayward,1
Paul George,1
Cole Aldrich,1
Xavier Henry,1
Ed Davis,1
Patrick Patterson,1
Larry Sanders,1
Luke Babbitt,1
Kevin Seraphin,1
Eric Bledsoe,1
Avery Bradley,1
James Anderson,1
Craig Brackins,1
Elliot Williams,1
Trevor Booker,1
Damion James,1
Dominique Jones,1
Quincy Pondexter,1
Jordan Crawford,1
Greivis Vasquez,1
Daniel Orton,1
Lazar Hayward,1
Blake Griffin,1
Hasheem Thabeet,1
James Harden,1
Tyreke Evans,1
Ricky Rubio,1
Jonny Flynn,1
Stephen Curry,1
Jordan Hill,1
DeMar DeRozan,1
Brandon Jennings,1
Terrence Williams,1
Gerald Henderson,1
Tyler Hansbrough,1
Earl Clark,1
Austin Daye,1
James Johnson,1
Jrue Holiday,1
Ty Lawson,1
Jeff Teague,1
Eric Maynor,1
Darren Collison,1
Victor Claver,1
Omri Casspi,1
Byron Mullens,1
Rodrigue Beaubois,1
Taj Gibson,1
DeMarre Carroll,1
Wayne Ellington,1
Toney Douglas,1
Christian Eyenga,1
Derrick Rose,1
Michael Beasley,1
O.J. Mayo,1
Russell Westbrook,1
Kevin Love,1
Danilo Gallinari,1
Eric Gordon,1
Joe Alexander,1
D.J. Augustin,1
Brook Lopez,1
Jerryd Bayless,1
Jason Thompson,1
Brandon Rush,1
Anthony Randolph,1
Robin Lopez,1
Marreese Speights,1
Roy Hibbert,1
JaVale McGee,1
JJ Hickson,1
Alexis Ajinca,1
Ryan Anderson,1
Courtney Lee,1
Kosta Koufos,1
Serge Ibaka,1
Nicolas Batum,1
George Hill,1
Darrell Arthur,1
Donte Greene,1
DJ White,1
J.R. Giddens,1
Greg Oden,1
Kevin Durant,1
Al Horford,1
Mike Conley,1
Jeff Green,1
Yi Jianlian,1
Corey Brewer,1
Brandan Wright,1
Joakim Noah,1
Spencer Hawes,1
Acie Law,1
Thaddeus Young,1
Julian Wright,1
Al Thornton,1
Rodney Stuckey,1
Nick Young,1
Sean Williams,1
Marco Belinelli,1
Javaris Crittenton,1
Jason Smith,1
Daequan Cook,1
Jared Dudley,1
Wilson Chandler,1
Rudy Fernandez,1
Morris Almond,1
Aaron Brooks,1
Arron Afflalo,1
Tiago Splitter,1
Alando Tucker,1
Petteri Koponen,1
Andrea Bargnani,1
LaMarcus Aldridge,1
Adam Morrison,1
Tyrus Thomas,1
Shelden Williams,1
Brandon Roy,1
Randy Foye,1
Rudy Gay,1
Patrick O'Bryant,1
Mouhamed Sene,1
JJ Redick,1
Hilton Armstrong,1
Thabo Sefolosha,1
Ronnie Brewer,1
Cedric Simmons,1
Rodney Carney,1
Shawne Williams,1
Oleksiy Pecherov,1
Quincy Douby,1
Renaldo Balkman,1
Rajon Rondo,1
Marcus Williams,1
Josh Boone,1
Kyle Lowry,1
Shannon Brown,1
Jordan Farmar,1
Sergio Rodriguez,1
Maurice Ager,1
Mardy Collins,1
Joel Freeland,1
Andrew Bogut,1
Marvin Williams,1
Deron Williams,1
Chris Paul,1
Raymond Felton,1
Martell Webster,1
Charlie Villanueva,1
Channing Frye,1
Ike Diogu,1
Andrew Bynum,1
Fran Vazquez,1
Yaroslav Korolev,1
Sean May,1
Rashad McCants,1
Antoine Wright,1
Joey Graham,1
Danny Granger,1
Gerald Green,1
Hakim Warrick,1
Julius Hodge,1
Nate Robinson,1
Jarrett Jack,1
Francisco Garcia,1
Luther Head,1
Johan Petro,1
Jason Maxiell,1
Linas Kleiza,1
Ian Mahinmi,1
Wayne Simien,1
David Lee,1
Dwight Howard,1
Emeka Okafor,1
Ben Gordon,1
Shaun Livingston,1
Devin Harris,1
Josh Childress,1
Luol Deng,1
Rafael Araujo,1
Andre Iguodala,1
Luke Jackson,1
Andris Biedrins,1
Robert Swift,1
Sebastian Telfair,1
Kris Humphries,1
Al Jefferson,1
Kirk Snyder,1
Josh Smith,1
JR Smith,1
Dorell Wright,1
Jameer Nelson,1
Pavel Podkolzin,1
Viktor Khryapa,1
Sergei Monia,1
Delonte West,1
Tony Allen,1
Kevin Martin,1
Sasha Vujacic,1
Beno Udrih,1
David Harrison,1
LeBron James,1
Darko Milicic,1
Carmelo Anthony,1
Chris Bosh,1
Dwyane Wade,1
Chris Kaman,1
Kirk Hinrich,1
T.J. Ford,1
Michael Sweetney,1
Jarvis Hayes,1
Mickael Pietrus,1
Nick Collison,1
Marcus Banks,1
Luke Ridnour,1
Reece Gaines,1
Troy Bell,1
Zarko Cabarkapa,1
David West,1
Sasha Pavlovic,1
Dahntay Jones,1
Boris Diaw,1
Zoran Planinic,1
Travis Outlaw,1
Brian Cook,1
Carlos Delfino,1
Ndudi Ebi,1
Kendrick Perkins,1
Leandro Barbosa,1
Josh Howard,1
Yao Ming,1
Jay Williams,1
Mike Dunleavy,1
Drew Gooden,1
Nikoloz Tskitishvili,1
Dajuan Wagner,1
Nene,1
Chris Wilcox,1
Amar'e Stoudemire,1
Caron Butler,1
Jared Jeffries,1
Melvin Ely,1
Marcus Haislip,1
Fred Jones,1
Bostjan Nachbar,1
Jiri Welsch,1
Juan Dixon,1
Curtis Borchardt,1
Ryan Humphrey,1
Kareem Rush,1
Qyntel Woods,1
Casey Jacobsen,1
Tayshaun Prince,1
Nenad Krstic,1
Frank Williams,1
John Salmons,1
Chris Jefferies,1
Dan Dickau,1
Kwame Brown,1
Tyson Chandler,1
Pau Gasol,1
Eddy Curry,1
Jason Richardson,1
Shane Battier,1
Eddie Griffin,1
DeSagana Diop,1
Rodney White,1
Joe Johnson,1
Kedrick Brown,1
Vladimir Radmanovic,1
Richard Jefferson,1
Troy Murphy,1
Steven Hunter,1
Kirk Haston,1
Michael Bradley,1
Jason Collins,1
Zach Randolph,1
Brendan Haywood,1
Joseph Forte,1
Jeryl Sasser,1
Brandon Armstrong,1
Raul Lopez,1
Gerald Wallace,1
Samuel Dalembert,1
Jamaal Tinsley,1
Tony Parker,1
Kenyon Martin,1
Stromile Swift,1
Darius Miles,1
Marcus Fizer,1
Mike Miller,1
DerMarr Johnson,1
Chris Mihm,1
Jamal Crawford,1
Joel Przybilla,1
Keyon Dooling,1
Jerome Moiso,1
Etan Thomas,1
Courtney Alexander,1
Mateen Cleaves,1
Jason Collier,1
Hedo Turkoglu,1
Desmond Mason,1
Quentin Richardson,1
Jamaal Magloire,1
Speedy Claxton,1
Morris Peterson,1
Donnell Harvey,1
DeShawn Stevenson,1
Dalibor Bagaric,1
Jake Tsakalidis,1
Mamadou N'diaye,1
Primoz Brezec,1
Erick Barkley,1
Mark Madsen,1
Elton Brand,1
Steve Francis,1
Baron Davis,1
Lamar Odom,1
Jonathan Bender,1
Wally Szczerbiak,1
Richard Hamilton,1
Andre Miller,1
Shawn Marion,1
Jason Terry,1
Trajan Langdon,1
Aleksandar Radojevic,1
Corey Maggette,1
William Avery,1
Frederic Weis,1
Metta World Peace,1
Cal Bowdler,1
James Posey,1
Quincy Lewis,1
Dion Glover,1
Jeff Foster,1
Kenny Thomas,1
Devean George,1
Andrei Kirilenko,1
Tim James,1
Vonteego Cummings,1
Jumaine Jones,1
Scott Padgett,1
Leon Smith,1
Michael Olowokandi,1
Mike Bibby,1
Raef LaFrentz,1
Antawn Jamison,1
Vince Carter,1
Robert Traylor,1
Jason Williams,1
Larry Hughes,1
Dirk Nowitzki,1
Paul Pierce,1
Bonzi Wells,1
Michael Doleac,1
Keon Clark,1
Michael Dickerson,1
Matt Harpring,1
Bryce Drew,1
Rasho Nesterovic,1
Mirsad Turkcan,1
Pat Garrity,1
Roshown McLeod,1
Ricky Davis,1
Brian Skinner,1
Tyronn Lue,1
Felipe Lopez,1
Al Harrington,1
Sam Jacobson,1
Vladimir Stepania,1
Corey Benjamin,1
Nazr Mohammed,1
Tim Duncan,1
Keith Van Horn,1
Chauncey Billups,1
Antonio Daniels,1
Tony Battie,1
Ron Mercer,1
Tim Thomas,1
Adonal Foyle,1
Tracy McGrady,1
Danny Fortson,1
Tariq Abdul-Wahad,1
Austin Croshere,1
Derek Anderson,1
Maurice Taylor,1
Kelvin Cato,1
Brevin Knight,1
Johnny Taylor,1
Chris Anstey,1
Scot Pollard,1
Paul Grant,1
Anthony Parker,1
Ed Gray,1
Bobby Jackson,1
Rodrick Rhodes,1
John Thomas,1
Charles Smith,1
Jacque Vaughn,1
Keith Booth,1
Allen Iverson,1
Marcus Camby,1
Shareef Abdur-Rahim,1
Stephon Marbury,1
Ray Allen,1
Antoine Walker,1
Lorenzen Wright,1
Kerry Kittles,1
Samaki Walker,1
Erick Dampier,1
Todd Fuller,1
Vitaly Potapenko,1
Kobe Bryant,1
Peja Stojakovic,1
Steve Nash,1
Tony Delk,1
Jermaine O'Neal,1
John Wallace,1
Walter McCarty,1
Zydrunas Ilgauskas,1
Dontae' Jones,1
Roy Rogers,1
Efthimios Rentzias,1
Derek Fisher,1
Martin Muursepp,1
Jerome Williams,1
Brian Evans,1
Priest Lauderdale,1
Travis Knight,1
Joe Smith,1
Antonio McDyess,1
Jerry Stackhouse,1
Rasheed Wallace,1
Kevin Garnett,1
Bryant Reeves,1
Damon Stoudamire,1
Shawn Respert,1
Ed O'Bannon,1
Kurt Thomas,1
Gary Trent,1
Cherokee Parks,1
Corliss Williamson,1
Eric Williams,1
Brent Barry,1
Alan Henderson,1
Bob Sura,1
Theo Ratliff,1
Randolph Childress,1
Jason Caffey,1
Michael Finley,1
George Zidek,1
Travis Best,1
Loren Meyer,1
David Vaughn,1
Sherell Ford,1
Mario Bennett,1
Greg Ostertag,1
Cory Alexander,1
Glenn Robinson,1
Jason Kidd,1
Grant Hill,1
Donyell Marshall,1
Juwan Howard,1
Sharone Wright,1
Lamond Murray,1
Brian Grant,1
Eric Montross,1
Eddie Jones,1
Carlos Rogers,1
Khalid Reeves,1
Jalen Rose,1
Yinka Dare,1
Eric Piatkowski,1
Clifford Rozier,1
Aaron McKie,1
Eric Mobley,1
Tony Dumas,1
B.J. Tyler,1
Dickey Simpkins,1
Bill Curley,1
Wesley Person,1
Monty Williams,1
Greg Minor,1
Charlie Ward,1
Brooks Thompson,1
Chris Webber,1
Shawn Bradley,1
Anfernee Hardaway,1
Jamal Mashburn,1
Isaiah Rider,1
Calbert Cheaney,1
Bobby Hurley,1
Vin Baker,1
Rodney Rogers,1
Lindsey Hunter,1
Allan Houston,1
George Lynch,1
Terry Dehere,1
Scott Haskin,1
Doug Edwards,1
Rex Walters,1
Greg Graham,1
Luther Wright,1
Acie Earl,1
Scott Burrell,1
James Robinson,1
Chris Mills,1
Ervin Johnson,1
Sam Cassell,1
Corie Blount,1
Geert Hammink,1
Malcolm Mackey,1
Shaquille O'Neal,1
Alonzo Mourning,1
Christian Laettner,1
Jim Jackson,1
LaPhonso Ellis,1
Tom Gugliotta,1
Walt Williams,1
Todd Day,1
Clar. Weatherspoon,1
Adam Keefe,1
Robert Horry,1
Harold Miner,1
Bryant Stith,1
Malik Sealy,1
Anthony Peeler,1
Randy Woods,1
Doug Christie,1
Tracy Murray,1
Don MacLean,1
Hubert Davis,1
Jon Barry,1
Oliver Miller,1
Lee Mayberry,1
Latrell Sprewell,1
Elmore Spencer,1
Dave Johnson,1
Byron Houston,1
Larry Johnson,1
Kenny Anderson,1
Billy Owens,1
Dikembe Mutombo,1
Steven Smith,1
Doug Smith,1
Luc Longley,1
Mark Macon,1
Stacey Augmon,1
Bison Dele,1
Terrell Brandon,1
Greg Anthony,1
Dale Davis,1
Rich King,1
Anthony Avent,1
Chris Gatling,1
Victor Alexander,1
Kevin Brooks,1
Labradford Smith,1
John Turner,1
Eric Murdock,1
LeRon Ellis,1
Stanley Roberts,1
Rick Fox,1
Shaun Vandiver,1
Mark Randall,1
Pete Chilcutt,1
Derrick Coleman,1
Gary Payton,1
Mahmoud Abdul-Rauf,1
Dennis Scott,1
Kendall Gill,1
Felton Spencer,1
Lionel Simmons,1
Bo Kimble,1
Willie Burton,1
Rumeal Robinson,1
Tyrone Hill,1
Alec Kessler,1
Loy Vaught,1
Travis Mays,1
Dave Jamerson,1
Terry Mills,1
Jerrod Mustaf,1
Duane Causwell,1
Dee Brown,1
Gerald Glass,1
Jayson Williams,1
Tate George,1
Anthony Bonner,1
Dwayne Schintzius,1
Alaa Abdelnaby,1
Lance Blanks,1
Elden Campbell,1
Pervis Ellison,1
Danny Ferry,1
Sean Elliott,1
Glen Rice,1
J.R. Reid,1
Stacey King,1
George McCloud,1
Randy White,1
Tom Hammonds,1
Pooh Richardson,1
Nick Anderson,1
Mookie Blaylock,1
Michael Smith,1
Tim Hardaway,1
Todd Lichti,1
Dana Barros,1
Shawn Kemp,1
B.J. Armstrong,1
Kenny Payne,1
Jeff Sanders,1
Blue Edwards,1
Byron Irvin,1
Roy Marble,1
Anthony Cook,1
John Morton,1
Vlade Divac,1
Kenny Battle,1
Danny Manning,1
Rik Smits,1
Charles Smith,1
Chris Morris,1
Mitch Richmond,1
Hersey Hawkins,1
Tim Perry,1
Rex Chapman,1
Rony Seikaly,1
Willie Anderson,1
Will Perdue,1
Harvey Grant,1
Jeff Grayer,1
Dan Majerle,1
Gary Grant,1
Derrick Chievous,1
Eric Leckner,1
Ricky Berry,1
Rod Strickland,1
Kevin Edwards,1
Mark Bryant,1
Randolph Keys,1
Jerome Lane,1
Brian Shaw,1
David Rivers,1
David Robinson,1
Armen Gilliam,1
Dennis Hopson,1
Reggie Williams,1
Scottie Pippen,1
Kenny Smith,1
Kevin Johnson,1
Olden Polynice,1
Derrick McKey,1
Horace Grant,1
Reggie Miller,1
Muggsy Bogues,1
Joe Wolf,1
Tellis Frank,1
Jose Ortiz,1
Chris Welp,1
Ronnie Murphy,1
Mark Jackson,1
Ken Norman,1
Jim Farmer,1
Dallas Comegys,1
Reggie Lewis,1
Greg Anderson,1
Brad Daugherty,1
Len Bias,1
Chris Washburn,1
Chuck Person,1
Kenny Walker,1
William Bedford,1
Roy Tarpley,1
Ron Harper,1
Brad Sellers,1
Johnny Dawkins,1
John Salley,1
John Williams,1
Dwayne Washington,1
Walter Berry,1
Dell Curry,1
Mo Martin,1
Harold Pressley,1
Mark Alarie,1
Billy Thompson,1
Buck Johnson,1
Anthony Jones,1
Scott Skiles,1
Ken Barlow,1
Arvydas Sabonis,1
Patrick Ewing,1
Wayman Tisdale,1
Benoit Benjamin,1
Xavier McDaniel,1
Jon Koncak,1
Joe Kleine,1
Chris Mullin,1
Detlef Schrempf,1
Charles Oakley,1
Ed Pinckney,1
Keith Lee,1
Kenny Green,1
Karl Malone,1
Alfredrick Hughes,1
Blair Rasmussen,1
Bill Wennington,1
Uwe Blab,1
Joe Dumars,1
Steve Harris,1
Sam Vincent,1
Terry Catledge,1
Jerry Reynolds,1
A.C. Green,1
Terry Porter,1
Hakeem Olajuwon,1
Sam Bowie,1
Michael Jordan,1
Sam Perkins,1
Charles Barkley,1
Mel Turpin,1
Alvin Robertson,1
Lancaster Gordon,1
Otis Thorpe,1
Leon Wood,1
Kevin Willis,1
Tim McCormick,1
Jay Humphries,1
Michael Cage,1
Terence Stansbury,1
John Stockton,1
Jeff Turner,1
Vern Fleming,1
Bernard Thompson,1
Tony Campbell,1
Kenny Fields,1
Tom Sewell,1
Earl Jones,1
Michael Young,1
Ralph Sampson,1
Steve Stipanovich,1
Rodney McCray,1
Byron Scott,1
Sidney Green,1
Russell Cross,1
Thurl Bailey,1
Antoine Carr,1
Dale Ellis,1
Jeff Malone,1
Derek Harper,1
Darrell Walker,1
Ennis Whatley,1
Clyde Drexler,1
Howard Carter,1
Jon Sundvold,1
Leo Rautins,1
Randy Breuer,1
John Paxson,1
Roy Hinson,1
Greg Kite,1
Randy Wittman,1
Mitchell Wiggins,1
Stewart Granger,1
James Worthy,1
Terry Cummings,1
Dominique Wilkins,1
Bill Garnett,1
LaSalle Thompson,1
Trent Tucker,1
Quintin Dailey,1
Clark Kellogg,1
Cliff Levingston,1
Keith Edmonson,1
Lafayette Lever,1
John Bagley,1
Sleepy Floyd,1
Lester Conner,1
David Thirdkill,1
Terry Teagle,1
Brook Steppe,1
Ricky Pierce,1
Rob Williams,1
Paul Pressey,1
Eddie Phillips,1
Mark McNamara,1
Darren Tillis,1
Mark Aguirre,1
Isiah Thomas,1
Buck Williams,1
Al Wood,1
Danny Vranes,1
Orlando Woolridge,1
Steve Johnson,1
Tom Chambers,1
Rolando Blackman,1
Albert King,1
Frank Johnson,1
Kelly Tripucka,1
Dan Schayes,1
Herb Williams,1
Jeff Lamp,1
Darnell Valentine,1
Kevin Loder,1
Ray Tolbert,1
Mike McGee,1
Larry Nance,1
Alton Lister,1
Franklin Edwards,1
Charles Bradley,1
Joe Barry Carroll,1
Darrell Griffith,1
Kevin McHale,1
Kelvin Ransey,1
Jamesearl Ray,1
Mike O'Koren,1
Mike Gminski,1
Andrew Toney,1
Michael Brooks,1
Ronnie Lester,1
Kiki Vandeweghe,1
Mike Woodson,1
Rickey Brown,1
Wes Matthews,1
Reggie Johnson,1
Charles Whitney,1
Larry Drew,1
Don Collins,1
John Duren,1
Bill Hanzlik,1
Monti Davis,1
Chad Kinch,1
Carl Nicks,1
Magic Johnson,1
David Greenwood,1
Bill Cartwright,1
Greg Kelser,1
Sidney Moncrief,1
James Bailey,1
Vinnie Johnson,1
Calvin Natt,1
Larry Demic,1
Roylee Hamilton,1
Cliff T. Robinson,1
Jim Paxson,1
Dudley Bradley,1
Brad Holland,1
Phil Hubbard,1
Jim Spanarkel,1
Lee Johnson,1
Reggie King,1
Wiley Peck,1
Larry Knight,1
Sly Williams,1
Kyle Macy,1
Mychal Thompson,1
Phil Ford,1
Rick Robey,1
Micheal Ray Richardson,1
Purvis Short,1
Larry Bird,1
Ron Brewer,1
Freeman Williams,1
Reggie Theus,1
Butch Lee,1
James Hardy,1
George Johnson,1
Winford Boynes,1
Roger Phegley,1
Mike Mitchell,1
Jack Givens,1
Rod Griffin,1
Dave Corzine,1
Marty Byrnes,1
Frankie Sanders,1
Mike Evans,1
Raymond Townsend,1
Kent Benson,1
Otis Birdsong,1
Marques Johnson,1
Greg Ballard,1
Walter Davis,1
Kenny Carr,1
Bernard King,1
Jack Sikma,1
Tom LaGarde,1
Ray Williams,1
Ernie Grunfeld,1
Cedric Maxwell,1
Tate Armstrong,1
Tree Rollins,1
Brad Davis,1
Rickey Green,1
Bo Ellis,1
Wesley Cox,1
Rich Laurel,1
Glenn Mosley,1
Anthony Roberts,1
Norm Nixon,1
John Lucas,1
Scott May,1
Richard Washington,1
Leon Douglas,1
Wally Walker,1
Adrian Dantley,1
Quinn Buckner,1
Robert Parish,1
Armond Hill,1
Ron Lee,1
Bob Wilkerson,1
Terry Furlow,1
Mitch Kupchak,1
Larry Wright,1
Chuckie Williams,1
Norm Cook,1
Sonny Parker,1
David Thompson,1
Dave Meyers,1
Marvin Webster,1
Alvan Adams,1
Darryl Dawkins,1
Lionel Hollins,1
Rich Kelley,1
Junior Bridgeman,1
Gene Short,1
Bill Robinzine,1
Joe Meriweather,1
Frank Oleynick,1
Bob Bigelow,1
Joe Bryant,1
John Lambert,1
Ricky Sobers,1
Tom Boswell,1
Kevin Grevey,1
Bill Walton,1
Marvin Barnes,1
Tom Burleson,1
John Shumate,1
Bobby Jones,1
Scott Wedman,1
Tom Henderson,1
Campy Russell,1
Tom McMillen,1
Mike Sojourner,1
Jamaal Wilkes,1
Brian Winters,1
Len Elmore,1
Maurice Lucas,1
Al Eberhard,1
Cliff Pondexter,1
Glenn McDonald,1
Gary Brokaw,1
Doug Collins,1
Jim Brewer,1
Ernie DiGregorio,1
Mike Green,1
Kermit Washington,1
Ed Ratleff,1
Ron Behagen,1
Mike Bantom,1
Dwight Jones,1
John Brown,1
Kevin Joyce,1
Kevin Kunnert,1
Nick Weatherspoon,1
Mel Davis,1
Barry Parkhill,1
Swen Nater,1
Steve Downing,1
Raymond Lewis,1
Larue Martin,1
Bob McAdoo,1
Double D Davis,1
Corky Calhoun,1
Fred Boyd,1
Russell Lee,1
Isaac Stallworth,1
Tom Riker,1
Bob Nash,1
Paul Westphal,1
Ralph Simpson,1
Julius Erving,1
Travis Grant,1
Austin Carr,1
Sidney Wicks,1
Elmore Smith,1
Ken Durrett,1
George Trapp,1
Fred Brown,1
Cliff Meely,1
Darnell Hillman,1
Stan Love,1
Clarence Glover,1
Curtis Rowe,1
Dana Lewis,1
Jim Cleamons,1
John Roche,1
Kenny McIntosh,1
Dean Meminger,1
Collis Jones,1
Bob Lanier,1
Rudy Tomjanovich,1
Pete Maravich,1
Dave Cowens,1
Sam Lacey,1
Jim Ard,1
John Johnson,1
Geoff Petrie,1
George Johnson,1
Greg Howard,1
Jimmy Collins,1
Al Henry,1
Jim McMillian,1
John Vallely,1
John Hummer,1
Gary Freeman,1
Mike Price,1
Kareem Abdul-Jabbar,1
Neal Walk,1
Lucius Allen,1
Terry Driscoll,1
Larry Cannon,1
Bingo Smith,1
Bob Portman,1
Herm Gilliam,1
Jojo White,1
Butch Beard,1
Johnny Warren,1
Willie McCarter,1
Carlos Ogden,1
Mike Davis,1
Rick Roberson,1
Elvin Hayes,1
Wes Unseld,1
Bob Kauffman,1
Tom Boerwinkle,1
Zaid Abdul-Aziz,1
Otto Moore,1
Charlie Paulk,1
Gary Gregor,1
Ron Williams,1
Wilmer Hosket,1
Bill Hewitt,1
Don Chaney,1
Skip Harlicka,1
Shaler Halimon,1
Jimmy Walker,1
Earl Monroe,1
Clem Haskins,1
Lloyd Dove,1
Walt Frazier,1
Al Tucker,1
Pat Riley,1
Tom Workman,1
Mel Daniels,1
Dave Lattin,1
Mal Graham,1
Craig Raymond,1
Cazzie Russell,1
Dave Bing,1
Clyde Lee,1
Lou Hudson,1
Jack Marin,1
Walt Wesley,1
Jerry Chambers,1
Jim Barnett,1
Matt Guokas,1
Dave Schellhase,1
Fred Hetzel,1
Rick Barry,1
Dave Stallworth,1
Jerry Sloan,1
Billy Cunningham,1
Jim Washington,1
Nate Bowman,1
Ollie Johnson,1
Jim Barnes,1
Joe Caldwell,1
Gary Bradds,1
Lucious Jackson,1
Jeff Mullins,1
Barry Kramer,1
Mel Counts,1
Art Heyman,1
Rod Thorn,1
Nate Thurmond,1
Eddie Miles,1
Gerry Ward,1
Tom Hoover,1
Roger Strickland,1
Bill Green,1
Bill McGill,1
Paul Hogue,1
Zelmo Beaty,1
Len Chappell,1
Wayne Hightower,1
Leroy Ellis,1
John Havlicek,1
Walt Bellamy,1
Tom Stith,1
Larry Siegfried,1
Ray Scott,1
Wayne Yates,1
Ben Warley,1
Tom Meschery,1
Cleo Hill,1
Gary Phillips,1
Oscar Robertson,1
Jerry West,1
Darrall Imhoff,1
Jackie Moreland,1
Lee Shaffer,1
Lenny Wilkens,1
Al Bunge,1
Thomas Sanders,1
Bob Boozer,1
Bailey Howell,1
Tom Hawkins,1
Dick Barnett,1
Johnny Green,1
John Richter,1
Elgin Baylor,1
Archie Dees,1
Mike Farmer,1
Pete Brennan,1
Connie Dierking,1
Dave Gambee,1
Bennie Swain,1
Rod Hundley,1
Charlie Tyra,1
Jim Krebs,1
Win Wilfong,1
Brendan McCann,1
Lennie Rosenbluth,1
George H. Bon Salle,1
Sam Jones,1
Si Green,1
Bill Russell,1
Jim Paxson,1
Ron Shavlik,1
Joe Holup,1
Ron Sobie,1
Hal Lear,1
Dick Ricketts,1
Maurice Stokes,1
Jim Loscutoff,1
Ken Sears,1
Ed Conlin,1
Johnny Horan,1
Frank Selvy,1
Bob Pettit,1
Gene Shue,1
Dick Rosenthal,1
Togo Palazzi,1
Johnny Kerr,1
Tom Marshall,1
Jack Turner,1
Ed Kalafat,1
Ray Felix,1
Bob Houbregs,1
Jack Molinas,1
Richie Regan,1
Frank Ramsey,1
Jim Neal,1
Jim Fritsche,1
Mark Workman,1
Jim Baechtold,1
Dick Groat,1
Joe Dean,1
Ralph Polson,1
Bill Stauffer,1
Bob Lochmueller,1
Chuck Darling,1
Clyde Lovellette,1
Gene Melchiorre,1
Mel Hutchins,1
Marcus Freiberger,1
Zeke Sinicola,1
John McConathy,1
Ed Smith,1
Ernie Barrett,1
Sam Ranzino,1
Don Sunderlage,1
Charlie Share,1
Don Rehfeldt,1
Bob Cousy,1
Dick Schnittker,1
Larry Foust,1
Irwin Dambrot,1
George Yardley,1
Bob Lavoy,1
Joe McNamee,1
Kevin O'Shea,1
Don Lofgran,1
Howie Shannon,1
Alex Groza,1
Bob Harris,1
Tony Lavelli,1
Vern Gardner,1
Ron Livingstone,1
Dick McGuire,1
Wallace Jones,1
Jack Kerris,1
Frank Saul,1
Andy Tonkovich,1
George Kok,1
George Hauptfuhrer,1
Dolph Schayes,1
Ed Mikan,1
Walter Budko,1
Robert Gale,1
Ward Williams,1
Chuck Hanger,1
Bobby Wanzer,1
Don Ray,1
Jack Nichols,1
Clifton McNeeley,1
Glen Selbo,1
Eddie Ehlers,1
Walt Dropo,1
Dick Holub,1
Francis Crossin,1
Jack Underman,1
Paul Huston,1
Dick O'Keefe,1
